,15
borbazamandatara,1
HČSP,1
PeđaGrbin,1
TLZP,3
GordanMaras,1
istiaršin,2
rakija,1
PrayForCroatia,3
savska,1
isuskrist,1
epicFail,1
investicije,4
lustracija,27
crnimrak,1
MOSTurbiranju,1
građanskiodgoj,6
Kitarovic's,1
paris,2
pcvc,1
justsayin,3
MOSTurbiranje,16
VladaHR,6
MOSTurbiranja,4
Атака,1
SABORHR,1
SamoHrabri,2
DeezNUTS,2
reforme,49
četničkoZLO,1
naturalizam,1
reforma,5
Bandic,4
porezi,5
Fracking,2
Hrkljus,1
Ministar,1
iznaftalina,1
Milanovica,1
Pipi,1
obmana,2
dijaspora,14
obmane,1
sramotizam,1
vlahusic,1
platipaglasaj,1
falabogu,1
syriza,1
hrvatskagrađevina,2
SNV,3
piva,1
daklestrašno,1
SNS,1
vlaarh,1
vadiosobnu,1
ups,1
BorisDežulović,1
Analiza,1
sjevernakoreja,1
kriminalhr,2
NajboljaAnaliza,3
Ilcic,2
biblija,1
retardirano,1
jadno,1
hazu,1
Domoljubnekoalicija,1
životopis,1
Demokracija,1
fact,3
Merkel,5
mustsee,1
RTLDirekt,10
offprogram,1
hrt3,1
Kalesija,1
narodnahr,5
smijeh,2
muljaža,1
predsjedničkiizbori,1
DanNeovisnosti,1
dobit,1
Cvijanovic,1
KreativnaHrvatska,2
Vrhovnisud,1
gulan365,1
zelenite,1
konzultacije,4
ItsAllJustALittleBitOfHistoryRepeating,1
izbori2014,57
mediji,47
Cincari,1
vampirela,1
hokej,1
rasprodaja,1
metropolskabahatost,2
ajb,1
eGrađani,2
Vukovar,17
čikpogoditko,2
diskreditacija,1
josipović,5
Prijelomnavijest,2
amaterizam,1
dnevnikhtv,1
udrugakreda,1
izbori2015”,2
samokazem,123
logika,4
eppursimuove,1
plan21tragedies,1
plavasvinjica,1
ROFL,1
ItsRainingMen,1
ecocide,1
zaledje,1
Epic,1
TihomiruOrešković,1
politkar,1
DostaJeMosta,2
neznamzašto,1
egrađanin,1
"Radman,",1
svećetoproći,1
dno,2
NaslovzaIndexhr,3
IkeMandurić,1
izlazne,1
Psihotrov,1
MladenMilić,1
becouse,2
izboriprh,532
trololo,1
holy,2
hurs,1
Katalonija,3
pozitiva,2
berlin,4
kgk,10
ksenofobijasucks,1
glasamzamost,1
"diskriminacija,",1
me,1
"Karamarko,",7
POSAO,3
goebels,1
izbornislogan,1
zasupnici,1
mosturbacija,5
GlupostiMutavog,1
GLASNOgovornici,1
myperfectmatch!,1
mosturbaciji,1
hrvatska's,1
Petrina,7
"CrnaGora,",1
Decentralizacija,8
ljig,1
TwitterFingers,1
peoplearestrange,1
n1info,93
Holding,1
eurosong,2
Uzinić,1
ironmaiden,1
vaso,1
HouseOfCards,2
prolife,1
"politikahr,Nastavak",1
HrvatskaMozeBolje,3
kosarkaskifinis,1
VladaUP,1
womensrights,1
etovamgana,1
SviSuPobjednici,1
NoAdriaticDrilling,15
noshitSherlock,1
hrvastaka,1
virovitica,4
AjmoBijeliAle,1
razgovori,2
izborihr?!,1
hrvatskaneraste,1
reptilianpeople,1
premjer,1
moralnavertikala,1
TimsTeam,17
mladi,5
maminbakalar,4
president,3
Sassoufit,1
konsenzus,1
rigenerator,2
pizda,1
ubitcuse,1
Serbia,1
biblijahumor,4
osjecamsezbunjeno,1
tlzphr,2
sretnanova,1
egradjani,1
odugovlačenja,1
opraštanjedugova,2
suceljavanje2015,4
odugovlačenje,2
Croatia’s,1
LudZbunjenog,1
kakodo76,1
šatoraš,1
bludnihumor,1
"Vucic,",1
Call4Climate,1
mirelaholy,1
datumizbora,1
AnimoRajoy,1
DobroJutro,1
obečanja,7
Izbori2015=prilika,1
svisveti,1
HRVATSKA,5
PRH,2
Puljak,1
SAD,1
"politikahr,Zato",1
Zadar,6
izborihr',1
Ustav,4
mandatara,4
politikasi,5
HrvatskaRaste!,5
izbo,1
Račan,1
VRGORAC,3
nohomo,1
Bandinjo,1
backtoreality,2
CHP,4
Gdjesam2015,1
žabica,1
mandataru,1
HrvastkaRaste,1
zadar,1
tourism,6
tozphr,1
politikasr,6
cro-ger,1
pravila,1
oilandgas,1
alex,1
varalice,1
VotingSpirit,1
kladionice,1
RUZATOMASIC,1
APO,2
sutnja,1
koalicije,1
hrvatskozajednistvo,2
četnici,1
povijest,4
HRID,4
kilomozga2marke,1
izborihr,1927
SDPHrvatske,5
gamad,1
SDPHrvatska,7
rtlanketa,5
arenazagreb,1
CROATIAIllections2015,1
zajednozajakuhrvatsku,1
svijet,1
citiram,1
zbljuv,1
nisamBitan,1
campaign?,1
"kokice,",1
notanymore,1
ostojarankovic,1
fotelju,1
ograda,1
mirovine,4
PodLupom'',1
kolindaGK,1
lokalni2017,1
DemsDebate,1
fotelja,1
beograd,6
izbjeglicehr,1
UImeObitelji,1
fotelje,3
neozbiljnost,1
otvorenohrt,1
GeorgeCarlin,1
reformisti,9
serieA,2
premijerHR,1
foto,1
VelikiBrat,1
ostojic,7
Rijeka!,1
protivkorupcije,2
veto,1
"Rijeka,",1
vrhovnica,1
Iskušnjara,1
GupčevaZvijezda,1
vladaHR,1
HDSSB,7
samostručno,3
Poljska,1
MOVIE,1
brrr,1
božemene,1
zlopamtila,1
sramota,13
Mostom,1
izdajnik,1
novinarstvoHR,1
nepozvani,1
ZAjakuHRVATSKU,1
nijenjuz,1
PravoNaSvoje,6
badpickuplines,1
fremdschämen,1
nijeselakoodrećipozicijepremijera,1
Jadran-RT,1
ZoranMilanovic,4
plan91,1
JaZmaj,1
orgije,1
samikažem,1
civilnodrustvo,1
samouništenje,1
siyaset,2
samoprimjecujem,1
pametno2015,2
MirelaHoly,1
Sljeme,1
Szijjarto,1
subota,1
Spremni,9
PravoslavniSrpskiTeroristi,1
ucjene,1
naprijedhrvatska,13
ucjena,1
snaga,1
Srpska,1
pripetavanje,1
lopovi,5
minstarstvoKulture,1
sekularizam,2
JošMaloPaNestalo,1
EU28,3
crnojaje,2
LjuljaSeMost,1
LNG,2
jambo,2
hajdeselodaselimo,1
licemjerje,4
Poligraf,2
izboriobrazovanje,10
izborihR,1
Košić,2
živizid,2
BBC,1
zagrad,3
forzafiume,1
poduzetnistvo,1
izboriHR@hrtvijesti,1
šahmat,1
arsenbauk,1
PaulStubbs,2
zaboljuhrvatsku,1
"politikahr,Ovo",1
fantasticna,1
design,1
bijeda,1
branitelji,61
minus,2
Slovenija,4
rad,3
VesnaFerlugaAntic,1
svakomalodown,1
RtlDirekt,1
NoviIzbori,4
stoppredrasudama,1
migrantcrisis,1
rat,2
hladnopivo,1
prevara,3
AlanFord,8
izboriRh,8
kroatien,3
hepek,1
gradzagreb,1
Istra,2
FrankUnderwood,1
fossilfuel,1
prgomet,12
avion,1
BitchPlease,1
policija,5
izboriRH,651
"Jandrokovic,",1
Croazia,10
MOUDO,2
poreznauprava,1
poplaveHR,2
DomoljubnaKoalicija,15
državnost,1
lalovac,1
crazy66,1
fimimedia,1
maric,1
thriller,1
naucimobitiveliki,4
SrceJeMojeViolina,3
bajke,1
ludzbunjennormalan,1
HighFive,1
NoPasaran,1
bajka,1
pitajranka,1
seks,1
ffzg,1
kresomacan,1
Antalya,2
Milan_Bandić,1
Kroatien,2
božepomozi,1
građevina,1
Knin,2
liberalizam,1
građevine,2
navijači,2
TheVoiceHRT,1
politikarh,5
dividebyzero,1
politikars,4
elita,1
politicari,1
igre,2
radin,1
igra,1
YugoBastards,2
PaterIkeManduric,1
panceta,1
zadom,1
hrvatskaraste,21
Krapina,1
izbornimitovi,1
rukomet,1
Raškovićev,1
RevengeIsADishBestServedCold,1
hrt,12
NoFavorite,1
FuckMeSideways,1
malozadovoljstvo,1
hittjedna,1
SamoLijevo,1
svakodnevnica,1
OsmogZaokružiOsam,6
hrg,1
nevjerojatno,1
mosta!,1
lolinda,4
OTemporaOMores,1
Rusak,7
zokikaligula,2
Iluminati,1
caffe,1
naslovnica,1
nemavezesvezom,1
MOST-a,3
RezultatiIzbora,1
paranoja,1
Suceljavanje,1
zajednistvo,14
Labin,1
domjenak,2
cacasevraca,14
mostar,2
Galeb,1
lostintranslation,1
RI,1
IDSPGSRI,1
TkoJeJakov,1
maliljudi,1
stavovaZaPonijet,1
BecauseICan,1
HdZ,1
redovitodown,1
dajmoimpriliku,1
snovi,1
Državnarevizija,2
StopKillingChinchillas,1
gordanarusak,2
herojanezločinac,1
gablec,1
Onokad,3
yes,1
hydrocarbon,6
hrvatski,1
apsolutno,1
mup,1
kmacan,1
kampanje,1
hrvatska,358
crkva,2
kampanja,4
TomaDiploma,1
Tuzla,1
telegramHR,10
Zaokruži5,1
twitterparty,1
RegionalniPreustroj,1
hnsmafija,1
omg,2
ZiviZid,1
selomojemalo,1
nu2,64
hrvatskasvakodnevnica,1
medijiHR,1
CONSTRUCTIVECRITICISM,1
wtf,3
SubliminalnePoruke,1
istina,6
gubitnici,1
Hrvarska,1
GlasZaMOST,4
kupujmohrvatsko,1
turkeyelections,2
Karamako,1
pravnadržava,1
dopobjede,3
izboriNovatV,1
WWII,2
hummus,2
lawyered,1
bozepomozi,2
StariZavjet,1
čudo,1
nemanamadokanadskogideala,1
offsajd,1
neoliberalism,4
obećanja,1
poligraf,1
izboriHRpolitikahr,1
HNB,7
DreamComeTrue,1
HND,1
rvacka,2
Cataluna,1
HDZskup,1
gobac,2
LegendaKaže,1
RTLdirekt,3
HNL,3
domoljubnakoalicija,14
HNS,23
danljudskihprava,1
zašto,1
PitajAnku!,1
NewYearsResolutio,1
predsjednicaRH,3
Most-u,2
pglu,1
referendum,2
CROATIA,2
Местниизбори2015,1
Most-a,2
HRTi,1
UspješnaHrvatska,1
TPicula,1
birači,1
spašavanjevojnikazorana,2
kmekme,3
HrvatskiSabor,2
vlast,1
GlasKoncila,3
relaxing,1
prireziporez,1
Sabor!ostali,1
Maldini,1
novinarnazadatku,1
Elections,3
SRS,4
"Otvoreno,",1
DUUDI,1
"vladaHR,",2
FirstFemalePresident,1
NoviDan,4
SilvanaVozila,1
djedbožićnjak,1
karaoke,1
ojebemtezivote,1
PitajRanka,3
HRT3,2
zaljev,1
HRT1,3
HRT4,11
distebilidokjegrmilo,1
slo,7
igrasenastavlja,8
predsjednickiizbori,1
"HRT,",1
pomskzd,1
mordoriscoming,2
Živizid,5
ohanimaloakobogaznas,2
izjavi,1
Runjić,1
Izbori,1
LOL,6
izjava,1
Eurosong,1
farsa,2
NikolaGrmoja,1
ministar,1
hrpakretenahr,1
sreća,1
id,2
sprdnja,1
izborihr2,1
bih,59
lignja,1
menivrijedno,1
justgiveup,1
samojejedanmilan,1
sekularna,1
izborihr?,8
"HRT3,",1
suštinaprevare,3
kandidati,2
izborihr!,3
HSS-a,1
split,3
samoseigram,1
Fpzg,1
BriselskiZoka,2
electro,1
svedska,1
izborihr/,1
"izborihr,",11
nopenzijaforme,1
itako,1
afganistan,1
ToJeTo,1
specijal,2
slovenia,3
noviizbori,15
izobriprh,1
demantij,1
regija,1
obrazovanje,33
izgubljeni,1
manjina,1
dajgadajga,1
manjine,3
Hvratska,2
špigl,1
transparentnost,1
epp,4
zelimmandatarazaBozic,1
izbori2015zaokružiženu,8
Lazanski,3
BidenSvePlaca,1
eph,1
vladehr,1
kapitalizam,1
MuppetShow,1
BozoPetrov,2
jednomglupnaroduvijekglupnarod,1
šatorijada,1
predsjednica,9
"BIH,",1
grabarkitarovic,2
"lingvistiska,",1
SajamMagle,1
HRizbori,1
masoni,4
projektDomovina,8
zoo,1
PitajAnku,1
izbore,1
TužiMeIlčić,1
hrkljuš,2
sexyhumor,1
izbori,242
UIO,3
Slovenia,3
Jadran,5
tragikomedija,2
HTZslogan,1
karitas,1
taocibesmisla,1
Zakon,1
DjecaKomunizma,1
vijestihr,1
diktator,1
YOLO,1
baszatomost,1
избориХР,1
Reiner,7
velikigospodin,1
Bandic365,1
obrzovanje,1
izboriuhrvatskoj,1
MOŠT,1
borismiletić,1
izborihumor,6
zakon,2
Trump,1
ustav,3
švicarci,1
trolajne,2
Savska66,1
zaduzenost,3
mit,1
hrkljus,2
go100percent,2
5+,1
Sreća,1
stavove,1
NoComment,1
hahahashtag,1
zaduzivanje,2
božepomozi2015,1
HR,8
ČistaFizika,1
suceljavanjeHR,1
issaarts,1
12points,1
NocOdluke,4
election,2
jaosiganama,1
petrina,3
sterc,1
fosilnagoriva,1
humor,10
hdzstožer,1
sarajbrateizbori2015,1
Doomed,1
EtTuBrutus,1
Hajduk,1
Bauk,2
kanalRi,1
fog,2
Facebook,5
Bieber,1
stomakmiseokreće,1
dosada,1
nesudjenisvecenik,1
novinarstvo?,1
udbaskokomunistickikalifat,1
narod,14
izboiprh,11
raznolikost,1
croatiantragedies,16
hss,3
1000eura,1
izbori2017,2
MasovnaLudnica,1
hst,1
hsu,3
sastanak,2
slabodaziv,1
super,1
damsamodaprodam,1
crodemoskop,1
noexcuses,1
Ladislav,2
skopje,1
alistvarno,2
Pressing,2
"Dalmacija,",1
rusija,1
suceljavanje,8
corax,1
pobačaj,1
dicaćaćina,1
tihomirOreskovic,1
dosljednost,3
mhdz,1
STRANKE,2
selfie,4
toseproeski,1
digitalizacija,7
nijekoalicija,1
AJB,1
pitamzafrenda,13
DeezNuts,1
sveostalo,1
zaNovuDoma,1
Vladom,1
IZBORIhr,1
pravnadrzava,5
novozajebništvo,1
blesimetar,1
Petrov,75
izboriHRSrbija,1
Srbija,19
bozemene,1
trecasmjena,1
kakimipiskim,1
GuatemalaDecide,1
zemljaznanja,1
"Linićem,",1
DNO,1
politika,72
oil,2
startupXcel,1
hrvatskaizbori,2
justsaying,24
wildwest,1
BiseriIzbornogDana,1
Karamrle,2
domovina,3
ŽiviZid,3
korupcija,7
economic,1
Ménageàtrois,1
hrizbori,9
isil,1
propaganda,2
stokazelado,1
GreekElections,2
PregledTjedna,2
predizbornaobećanja,1
znanje,2
nekuzim,1
copypaste,1
Karlovac,1
MilasStyle,1
kultura,12
Kolinda_Grabar_Kitarovic,1
Roglic,1
makedonija,1
neodlucni,1
Osijek,2
EUReferendum,1
NoTriv,5
nebrem,1
vidovic,1
Bruxelles,1
nemaseMuda,1
tim,3
np,2
избори2015,1
mostarinashow,1
pisma,2
antistres,1
mutavi,2
ZloiNaopako,1
JelenaLovrić,1
SLO,1
Vlada,3
vrkic,1
GOGO,2
RealMadrid,1
trilj,1
HDZu!,1
Ćirilica,2
veseladružina,1
izborneliste,2
JerMatematikaJeCool,1
samojako,3
HRsabor,2
SaborRH,1
kakopostatiakademik,1
ObecanjeLudomRadovanje,1
znanost,2
vlastpodsvakucijenu,2
PAMETNO,1
noćasmisesnilo,1
Zajecar,1
Hrvatskaraste,18
pakaoegala,1
cedo,1
IFO,1
hrid,5
izboriparlhr,1
izbora2015,1
pravnaDržava,2
nevazeci,1
Platak,1
Uimeobitelji–,1
patriotizam,1
milf,1
saborhr,26
jezik,2
sučeljavanjeIndex,1
stanje,2
ElectionDay,1
krizevci,1
primjer,1
opskurnim,1
novinari,2
Antalyalıolmayannebilsin,2
amortizacija,1
magla,3
KolikoGafovaUProcesu,1
sretanput,1
nekultura,5
Madaya,1
milanovic,24
Believe,1
Tourism,1
comedygold,2
BlueMonday,1
Kretenizam,1
Miklenić,1
ljubojurcic,1
crkvaurvata,1
Seks,1
JasminaPopović,1
zasigurno,1
samofleksi,1
Sanader,11
promjene,3
Uskok,1
apartheid,1
vojnirok,1
HRTizbori,1
timsteam,3
Vijestiu2,11
95posto,1
Vijestiu5,6
ict,1
dip,2
mitoikorupcija,1
"Milanović,",1
puč,1
bravo,2
samoRijeka,1
BašZatoMOST,4
ZDS,2
Milanović?,1
svasta,2
MiroslavŠimić,1
Poslovice,1
peticija,1
gospodinMaras,1
politološketragedije,1
premijer,9
opsjednuti,1
TimOreskovic,1
BašZato,10
kolindiranje,5
secim,2
hdztweets,1
iknewyouweretrouble,1
iizbori2015,1
Bandić,6
IzboriHrvatska,2
pametnomdosta,2
orahnaizborima,1
ŽeljkoKardum,1
RumkeZOO,1
plaća,1
performans,2
smeđikrokant,1
izborHR,5
pitafrendica,1
AdministratioPublica,2
informatika,1
biskupi,2
ZdravkoMarić,2
Paramedic,4
casestudy,2
BlaženkaKulić-,1
zbunjena,1
nacionalnost,2
aktualno,35
atlanticgrupa,1
zbunjeni,2
HDZ-ove,1
Domoljubnakoalicija,2
hrvatskatkotemuze,1
zlakokomadina,1
ivajezakon,15
pitajpametnijegodsebe,2
"TitanicHRT,",1
love,1
hostages,1
lamentacije,1
izboriaHR,1
sastnak,3
EUref,1
vijestiu2,1
Remetinec,1
mostnl,3
ubicuse,1
amateri,1
roadtrip,1
IvoryCoast,1
sučeljavanje,6
Varga,1
DIANMO,1
rast,4
stepinac,2
obveznice,3
live,2
151mjestobitcepremalo,1
uredničkiizbor,2
wedopoliticsforfun,1
dogovori,1
realitycheck,1
showmustgoon,1
GoldenGlobes,2
GlasamZaMost,5
izlazneankete,4
nebuloze,1
atena,1
Orešković,3
demokraticnost,1
slogan,3
rankoostojic,1
ZDRAVKOMAMIC,3
Kosovo,1
drago,1
shadowcabinet,1
otvoreno,111
Kukuriku,3
SamoPitam,5
mojtatajejaciodtvog,1
putovanja,3
mazakogadaglasam,1
imaslikenemasadržaja,1
migranti,8
jerHrvatska,3
TimO,1
inappropriatehypberboliccomparison,1
besplatnoklizanje,2
trastme,1
nov@tv,1
život,4
confused,1
Ostojić,1
HSLS,4
stankovic,6
MOSTurbiranjem,1
"politikahr,a",1
perfectsmile,1
spc,2
slovenija,2
Putin,1
rezime,1
srpskavlada,1
vučić,1
oreskovic,15
Marketing,1
godinašatora,1
Parlamentarni,1
b92,2
sunday,1
Rimac,1
MostNL,12
MadMax,1
Požega,1
pravonasvoje,15
orešković,1
TrebaNamNetkoMudar,1
Balkans,1
izdajnici,1
zima,2
lordsaveusall,1
Antalyayıseviyorum,2
VLkolumna,3
"suceljavanje!Sorry,",1
sns,1
pametno,11
Pressinga,3
"uimeobitelji,",1
kaodvaprstajedneruke,1
casjeza,1
mojaprognoza,1
hajduk,1
sposobni,1
kvragudahrnijebalkan,1
PRglas,1
vladimirferdelji,1
vijesti,11
dilema,5
HaeNeS_,1
cute,1
breaking,2
dobrodjelo,1
sančula,1
TrueStory,1
Dubrovnik,8
zupanja,1
micdrop,1
fikreta,1
VladeHR,1
pravahrana,1
sinoda15,1
RT,4
Rovinj,1
"HRT1,",1
MeanGirls,2
ranićuse,1
metla,1
akakodrugacije,2
Ballislife,1
desničari,1
RL,1
World,2
Grmoja,9
RH,2
esej,2
vladar,1
diktaatura,1
Ilcicu,2
lapsus,1
HRT,19
mostosinjac,4
ZlatkoKomadina,1
"ijasambioembrij,",1
udarno,21
drilling,6
not,1
TurkeyElections,1
SPREMNI,2
bullshit,1
"FPZG,",1
GameofThrones,1
primitivizam,1
HDZ?,1
prijelaznirok,1
financije,1
karlovac,1
pogotovoovikojisetihovesele,1
prekovodedoslobode,1
izborise,1
republikasrpska,1
ajeto,1
dostajemosta,3
proračun,3
huoj16,3
sarajbrate,1
paralelnisvijet,1
Antifašizam,1
Lovrinović,2
Live,2
vladahr,19
Split,4
NEW,1
eu,9
Panenić,1
canada,6
Vaso,1
HrSabor,1
RTL,7
NoDrilling,2
hdz001,4
antispot,1
gubitnik,7
BorisVujčić,1
Kovač,1
uživo,6
MilanovićRanko,1
VelikaGoricaUsudimo,1
velikibrat,13
sveboljeodboljeg,1
hrt2,1
ivan,1
izboriizteretane,1
hrt1,5
Novinarstvo,1
hrt4,1
znase,9
nemrem,1
svaljek,1
vasokreceuakciju,1
Mamic,4
ivobaldasar,2
prey4Bilja,1
hsls,2
sabor,67
slamdunk,1
dinamo,4
htv1tvrdi,1
RAZGOVOR,1
kotromanovic,3
lakrdija,4
vinkovci,1
KolindaGrabarKitarovic,5
tulum,1
Hungary,1
SDSS,4
IzboriHRzoran,1
ministra,1
hydrocarbons,1
samoprimjećujem,1
srbi,1
imamopapu,1
ćaća,4
propast,1
donacija,1
biblijskihumor,1
ivakezakon,1
sućut,2
ovoreno,1
Markić,1
kovac,3
vote,1
Hollywood,2
neoliberalizam,3
Markič,1
HELP,1
"turizam,",1
radna,1
prc,1
europe,1
Abruzzo,1
NeMože,2
ajbalkans,1
neverendingstory,1
Kitarovic,11
dosadno,1
Jelić,1
izboriprh!,1
MZOS,1
sdphr,2
vjeverica,1
ustase,1
Pupovac,2
PDV,3
Glavaš,3
braun,1
"Most-a,",1
"Croazia,",1
Podgorica,1
Zoranizmi,1
hup,3
HRpolitika,1
plodovizemlje,1
PRteater,1
nemoramukanadu,1
novinarstvohr,1
"politikahr,",63
izgovore,1
izbjeglice,89
Novavlada,1
blabla,1
ZET,1
trojanac,1
privilegije,1
russia,1
croatiaelections2015,1
mandatat,1
stajeinormalno,1
rainer,1
mandatar,110
uskok,4
izborihr…,1
BPK,1
prh,2
sad,1
BanjaLuka,1
kulturniministar,1
pravimdjecupokucama,1
parmileta,1
Vrdoljak,1
sdp,193
VLDARAHR,1
Koalafications,1
DS,1
Saboru,1
OREŠKOVIĆ,1
nocodluke,145
CESI,1
KOALicija,1
pokloni,1
žalosno,1
stručni,1
pravoglasa,1
tetarimac,1
Kompanović,1
Vlahušić,1
sedmasila,1
medijskastvarnost,3
protivzabranepobačaja,1
Domoljubna,9
GOT,2
Kasich4Us,1
radio101,1
cc,2
naivno,1
grammarnazi,1
porez,2
Hrvatsku!,1
teškareč,1
emigracija,2
onajkojegnismoočekivali,1
ORaH,7
CrvenaBanda,2
hspas_hr,1
Politika,2
Čudno,1
ćaćasevraća,15
lakrdijahr,2
brdobrijuni,1
Vucic,5
Bajs,1
vatikan,2
izori2015,1
zadrtegluposti,1
show,1
bljuv,2
perkovic,1
moderator,1
montypython,2
youhavebeenwarned,1
NeaDimokratia,1
vldarh,1
Edozvola,2
DamirVanđelić,1
StoKazeLado,13
Vinkovci,3
zivot,2
samoKazem,1
ljudi,3
tolerancija,1
pojamanemam,6
HSS,12
HSP,1
barznamopecat,1
domoljublje,2
izborirh,122
Mediji,6
nesposobnost,1
Bozanić,2
ankajemrak,6
trenutakodluke,1
optimism,1
rasizamHR,1
Lazio,1
merkel,1
strasno,1
"RI,",1
WhichTwoChapters,1
mrezatv,1
vg10410,1
FunFact,2
koalicijajesuradnja,1
uspjesnaHrvatska!,1
mesniizazov,1
fall2015,1
Kotromanović,3
CijelaPriča,1
nogometipolitika,1
joebiden,1
SilaSeBudi,1
dajmomumandat,1
poštivanjeizbornihpravila,1
Baldrick,1
robertpodolnjak,1
hrvatskomgrađevinama,1
MDOslogan,1
laslo,1
hdssb!,1
PredsjedničkiIzbori,2
starakockarska,1
"izboriprh,",3
siria,1
lumbrele,1
HDZaš,2
Sramota,1
medijihr,10
zez,1
MILANBANDIC,1
hercegbosnosrceponosno,1
dogovor,2
BandicMilan365,1
sport,2
ProTip,4
volimhrvatsku,4
kucniOdgoj,1
necenikada,1
poslodavci,1
monalisa,1
vladarh,282
partija,2
outsourcing,1
weapons,1
koalicijamost,1
"N1info,",1
tonijegovorpremijera,1
kolumna,5
Stanari,3
BiH?,1
predsjednik,2
Hrast,1
nethr,14
pukosvit,1
katastrofa,2
istra,1
JustSaying,1
javnibiljeznik,3
UVinuJeSpas,1
elect_ua,1
diskriminacija,1
Izbjeglice,8
LGBT,4
protivžice,7
NOVA,1
izboriprhr,3
trolling,1
udba,5
samtak,1
drugasreća,1
EUreferendum,1
lingvist,1
Krk,2
region,2
pelene,1
Monti,1
NLMost,7
oilplatform,1
"izbjeglice,njima",1
VLADAR,1
Naslovza24sata,3
Sabor-u,1
izađiiborisegonebad,1
izboriHR,7888
AndroVlahušić,1
milanović,3
Jasenovac,1
"lustracija,",1
taknekak,1
Croatia's,15
izboriHr,28
München,1
silavanohrelja,1
nemarazlike,1
SATIRA,1
teatar,2
Poruke,1
Poruka,1
ocaj,1
javnosti!,1
Pusic,1
Djecaci,2
dobrismosi,1
toiletpaper,2
Podolnjak,7
Šibenik,1
miznamokako,1
rijeka,2
transp,2
KillMeNow,1
matematika,7
Kolinda,15
politkahr,14
irelandherewecome,1
standup,3
foggy,1
kaos,2
screwyoumarielepen,2
drugistup,2
martinluther,1
lažovi,3
HRT-u!,1
Srbi,1
RiGenerator,18
Brkicazasefa,1
vlasti,3
vojvodina,1
dragoprgomet,2
idemodalje,1
MOSTurbacija,4
SelenatorsShazam,1
upadamoudrugihashtag,1
ankamrak,1
jakosampametna,1
"SDP,",1
samukućiRTL,1
"MilanovićAli,ako",1
PowerPoint,1
budućnost,2
samokaze,1
ŽeljkoSakić,3
VLADarh,1
politikaHH,1
misli21stoljeca,1
bravoja,1
DragoPrgomet,1
veselje,1
pressing,1
blam,1
"most-a,",1
majstori,1
Karamrko,1
coffebreake,1
DIP,18
josipovic,1
svrzimantije,1
Imotski,8
luđakinja,1
Pixsell,2
horatio,1
d18,7
schadenfreude,1
VivaLaVida,1
nisamutoku,1
franak,4
Bosnie,1
putin,1
ekonomist,1
Bosnia,2
Gaća,1
kombinatorika,1
Barcelona,2
Dalmacija,4
dernek,1
igreiigrice,2
MVEP,1
corusic,1
grmoja,14
hrast,3
bozoreforma,1
bahatibojan,9
timovtim,1
SDP,145
nocnamora,1
sedamdesetšest,1
bananadrzava,1
COP21),1
Mamić,2
Iv,1
IvanMiklenić,1
prvasmjena,11
N1info,213
SretanŽićBo,1
biraci,1
zbunjujuce,1
croatia_bw,1
truestory,1
cop21,3
HŽV,1
UDRUGEBRANITELJA,1
štosamja,1
želimoznati,1
Lijana,1
NSFW,1
patigubo,1
Šandor,1
IzboriRH,40
badpuns,1
zajebancija,1
PrviFrajer,1
CROATIAN,1
blog,4
savska66,2
Adriatic,16
presuda,1
keepsgettingbetter,1
jelitomoguće,1
vikend,1
dietchallenge,1
MARIOMAMIC,1
hrvatskisabor!,1
PrivremeniRezultati,1
Grabar,1
VesnaPusić,1
YammatJeMrak,1
nezavisnainicijativa,1
Nesigurnost,1
sramnasbilo,1
newsbar,1
NekNetkoHitnoZoveBeyonce,1
SaborHr,2
eupol,1
keepitintheground,3
ludanasa,1
Brave,1
karamarko,47
dvplusdvasušest,3
zlo,1
pikatćuse,1
usermanual,1
Croatian?,1
SaborHR,7
đesukokice,1
radnasubota,1
TwitterProblems,1
jadrankakosor,4
JarakAndrijaJarak,1
psihijatar,1
samouhrvatskoj,1
Klauški,1
"PGS,",1
sutra,1
kasparov,1
novavlada,3
Flüchtlinge,1
dobarjutar,1
croatiafulloftragedies,12
VijestiU14h,1
intheface,1
hdzmost,1
conspiracytheory,1
kibidabi,1
LOLinda,6
cinjenica,1
kme,1
zlomije,1
mood,1
"AtleticoMadrid,",2
smokazem,1
rostiljanje,1
konzervativci,8
BlameCanada,1
razgovora,1
građaninikadnećebitigrađevine,1
welcome,1
business,1
TihomirOrešković,2
politkarh,1
Otvoreno,70
leadership,1
izbori2015izboriRH,1
sarkazam,7
dostaje,1
throwback,1
topovskomeso,1
Opacic,2
TeritorijalnaOrganizacija,1
industrija,1
srb,1
digitalnaekonomija,3
forenzika,1
KCA,2
Opačić,1
koalicija,15
industry,1
HTV,4
4FurFreeCroatia,1
kateheza,1
cijenegoriva,1
HDZnokti,1
mamic,1
Interliber,2
SlobodanPraljak,1
StipePetrina,2
reformeaneideologija,1
Karamarko-,1
premijer!,1
prijeponoći,1
BerislavRončević,1
ZaGrad,1
utisak,1
vilibor,1
Rašković,1
justasking,1
Ljubljana,1
konstituiranjesabora,1
Rotterdam,2
TkoJeIzaPikaTriputŽmiri,1
Otočac,1
mdo,1
Izborihr,14
NL,1
"HrvatskaRaste,",2
NO,1
privremeniupisi,1
situacijadana,1
panenic,5
lol,37
noćodluke,4
firstthingsfirst,1
nemojteseljutit,1
HrvatskaRaste?,1
house,1
NP,1
hrvatskinovinarikleče,1
politicseu,1
Obama,1
svicarac,1
renman,1
Adriatic?,1
postizborje,2
rejting,2
Glogoški,4
idea,1
fotografija,6
tvičica,1
N1,1
petrinizmi,1
ministrant,1
licemjer,1
Predsjednica,4
zajednistvomdojednoumlja,1
hdznaizborima,1
VladaRHsoMale,1
VoteForORaH,1
Zaboljuhrvatsku,1
HrvatskaRaste|,1
SlikaTonAProgram,37
akakodrugačije,1
izbornecajke,1
cvarci,1
pregovorihumor,1
sječanja,1
tortaovoono,1
gong,1
obavijest,1
Cvilibor,2
gradevina,1
turudic,1
karacmarko,1
Karamarko?,1
KraljeviŠupljePriče,1
DanPoslije,1
politics,4
decisiononfutire…,1
izboruHR,1
crnikaput,1
FAIR,1
istanbul,2
cropolitics,6
medveđa,1
psihologija,1
Koprivnica,1
bragging,1
metkovic,1
Glasnici,1
vicvlada,1
politizacija,1
Domovina,1
anketa,3
Sabor,79
prigodno,3
fairplay-u,1
Mostar,10
Motovun's,1
a1,1
studenti,19
CrnaGora,1
prvapredsjednicasabora,1
Holy,2
bitćejebeno,1
smijemseaplacemise,2
nadamsedajetlak,1
HRT-u,1
vratimočastparlamentu,1
gebis?,1
sportklub-u,2
orah,3
dopobjede],1
istosranjedrugopakovanje,1
riječdana,1
premijerkojineznasluzbenijezikdrzavekojuvodi,1
selfie!,1
disu,1
ovojesmijesno,1
KolindaGK,5
Chorwacja,1
"puzzle,",1
Mosturbiranje,8
zameneodlično,1
"KGK,",1
mnl,2
kokošarenje,1
dijaspori,1
follow,1
mensečini,1
hardcore,2
izbornihumor,1
spreman,1
LazySunday,1
photooftheday…,1
Ćaća,1
tw,1
Platforma112,3
izborehr,1
sjevernokorejskimedij,2
program,1
Idiocracy,1
Omejec?,1
smile,1
bozopetrov,2
ZAGREBHR,1
MILIJANBRKIC,1
Karamarko,127
puzzled,6
Karamarka,1
smh,1
Sinčić,2
PricamTiPricu,1
boljahrvatska,1
"petrov,",1
rednecks??,1
Dnevnik,4
sme,1
Pravonasvoje!,1
vern,1
Sincic,1
promijenismjer,10
bigbrotherhr,7
velikosrpskaBanda,2
figaudzepu,1
rtldirekt,1
demografija,2
ulaganja,2
vladarepzblikehrvatske,1
prenapušenost,1
pelin,1
minićaće,1
PRHKGK,36
pasa,1
DigliSeNaČetiriNoge,1
izborhr,6
domoljuba,1
OscarsSoWhite,1
hdz,264
saborHR,5
smokažem,1
proval,1
NisamNiSumnjala,1
législatives,1
LaVidaLoca,3
sun,1
BREAKING,2
MORH,1
Švicarac,1
rvat,1
HUP,2
stručnjak,1
zoranmilanovic,2
sprd,1
parliamentaryelections,1
crvenikriz,1
političari,1
BecauseIts2015,1
sirovina,1
VoteJKT48ID,2
NFL,1
Pula,1
MilanOkoSvijeta,1
RTLAnketa,9
glupan,1
novival,1
24live,6
ZLATKOHASANBEGOVIC,1
NLMOST,3
kvaka22,1
arena,2
МестниИзбори2015,1
nekaudjeuustav,1
vlada,12
izbornakuhinja,1
UspjesnaHrvatska,1
Ribić,2
karamrle,1
drustvo,2
Vijesti,2
svizahrvatsku,1
koalalove,1
politiziranje,1
lažeš,1
Sisak,2
glasovanje,1
Standard,1
orwellian,1
"izbori2015,Prije",1
vojkoobersnel,1
SjasiUzjasi,1
izbori2016,32
medimlijeko,3
Europa,1
jatoNEmogu,1
lopina,1
Mostaru,3
Balkan,1
mort,1
NaprijedHrvatska,2
dnevnikhr,1
miloradpupovac,1
FCB,1
EtoŠtaJeŽivot,1
VERNforum,1
jadnalinammajka,1
Karusović,1
MOST-u,1
izbori215,3
ustašizacija,1
brisk,1
skolstvo,1
UpravnaZnanost,1
Cacic,1
zlatkokomadina,1
hatespeech,1
pusic,1
slagalice,1
caca,2
pressjek,1
Kovačić,1
Orah,5
serieA),2
televizija,1
PozdravSuncu,1
kosic,1
sučeljavanje2015,2
pupovac,2
SS,1
frontex,2
dosadnjakovići,1
novatv,7
poslanica,1
firstworldproblems,2
dostabezmosta,1
Leko,1
10pitanja,1
2*1komunikacije,1
mogućnosti,1
asqueerasfruitcocktail,1
kukanje,1
Prgomet,6
Legalizacija,1
industrijskaproizvodnje,1
croatiafulloftrafedies,1
STEM,1
sindikati,1
24Lifestyle,1
gospodarstvo,17
rašomon,1
"SDPHrvatska,",1
mijocrnoja,3
samonekraste,1
stil,1
casjeZA,4
heterogeno,2
mudrice,1
Zagreb,34
Canadian,1
zaokruzi,1
K+Hrvatska,2
koaliranje,3
PGS,6
vucic,1
božopetrov,1
konstituiranje,1
"mediji,",1
SOA,2
StarWarsTheForceAwakens,1
AnkaJeMrak,14
Ćelija,1
recitoglasno,3
vlak,1
slobodnadalmacija,1
biračkispiskovi,1
malinocnirazgovori,1
rodineZ,1
Crotia,1
MajkoMila,2
ŠeksualniOdgoj,1
labrovic,1
izbor2015,2
kockica,1
a,1
UdriMeLopatom,1
FaceOff,1
Mandatar,7
Debilizacija,1
banke,2
ego,1
baszato,2
hrvatskaraste?,1
kamensko,1
aktivno,1
laž,4
help,1
itd,1
vitić,1
Hrg,2
bašmezanima,1
pravapitanja,1
VolimHrvatsku,1
bašsvašta,2
"Jurčić,",1
ovoono,1
Tonus,1
DORH,2
zdravlje,2
Tomac,1
Kovacic,1
OtvorenoHRT,1
prnjavor,1
BRANITELJI,1
dnodna,2
"Slavonija,",1
žica,1
ivanlovrinović,1
VladaRh,2
food,1
RTLanketa,20
doktorIvoSanader,1
latinka,1
UvikKontra,1
Jugoslavenstvo,1
Trudeau,1
zenskaprava,1
inception,2
Pregovori,1
nlmost,1
HrvaCka,1
Sevilla-,1
Croatiavotes,1
sapunica,5
VladaRH,21
kadćetajponedjeljak,1
Herzegovina,1
nestrpljiv,2
inequality,2
volitve,4
210milijuna,1
horor,2
shushshush,1
vrtić,1
Eni,1
Slovenian,1
HDZ,294
DemografskaObnova,1
logično,2
myfirstTweet,1
croatianelections,2
jakopuno,1
More,1
kreditinirejtinghrvatska,1
neponovilose,1
izb,2
žvaka,1
tosutiproblemi,1
ftw,1
karamilanu,1
demokracijajersemora,1
zagrebackazupanija,1
TITO,1
kolinda,12
Komunisti,1
Opština,1
PrviGospodin,1
lolz,1
ToJePraviPut,1
domoljubna,3
Ukraine,1
DraženLalić,1
MissUniverse2015,1
EK,2
"GarancijaZaMlade,",1
BogiHrvati,1
šutiisklapaj,1
ćirilica,2
EU,16
srbija,7
jakovkitarovic,1
EP,1
Pasok,1
Rainer,4
Pater,2
Шешељ,3
NikitaKhrushchev,1
Remetinac,1
diaspora,1
StoLadoKaze,2
zaboljuHrvatsku,4
hvatamvijestiizdomovine,1
OsvetaSitha,1
poplave,3
rotirke,2
GONG,2
IvoSanader,2
Sponzoruše,1
nedjelja,1
vukovar,5
dnevnapolitika,2
hvalaBozo,1
SINISAVARGA,1
FacebookSaids,1
hd…,1
nocodluke!,2
tvitamzafrendaMrleta,1
obrazovanjeuprviplan,1
kovač,1
manjiporezi,2
Nu2,46
GlasamZaMOST,3
Kitzbühel,1
zabranjenopušenje,1
Jordan,1
Hrvati,5
MilanaBandica,1
sigh,2
brankohrg,2
HDZ-a!,1
s_konja_na_magarca,1
nocodluke?,1
demagogija,1
Croati,1
mirokovac,1
bih2eu,2
LoveZagreb,1
uimeobitelji,3
Obećano,1
SpaceX,1
prozirno,1
provokacija,1
Čaćić,1
posljedice,1
kino,1
"izbori,",1
samoreforme,11
stj,1
pobjednik,2
MondayMostUnproductiveMeeting,1
electrohouse,1
zakonoradu,1
arbitraza,1
izbori2015/16,1
tedeschi,1
Lorencin,1
politickaDijagnoza,1
građani,1
keepitintheground!,1
novac,1
utomsmislu,1
šupljofraznitvorac,2
bauštela,1
macan,1
WeakForce,4
bernays_vskm,1
selo,1
pluralizam,2
Božo,2
velikagorica,1
SloCro,1
interliber,1
Primosten,1
radnamjesta,1
cirilica,4
HotelEsplanadeZagreb,1
Mostnapeto,1
KaraBožo,3
jebemjanjimamatersvima,1
plusslonusobi,1
Ankajemrak,2
TomislavĆorić,1
NeštoNovo,1
IzboriHR?,3
cenzura,1
most,219
misterij,1
balašević,1
nostringsattached,1
ostvarinemoguce,1
Kapital,1
poitikahr,1
ljubavhumor,1
kućaodkarata,1
navalinarode,1
govorMržnje,1
h2o,1
pjesma,1
skener112,58
Pusić,5
prefriganac,1
Bujica,1
nijeraja,1
"ZA,",1
kosovo,2
vladanarodnogspasa,1
rtl,2
prevarantica,1
dostaucjena,1
brojimositno,2
Bozic,1
vijestiiznesvijesti,3
"BorkoPrada,",1
Кюстендил,1
Milanovic,25
stvarnost,1
došaoksebi,2
funfact,3
UredPRH,5
miletic,2
HBK,1
VLADARH,88
HDZajci,1
strahinevjerica,1
Karamku,2
Oroslavje,1
hrvatskinarod,1
suckitup,3
Tužno,1
ModernaLjevica,1
evoneznam,3
izbori2015!,1
pitamzafrendicu,2
lipoje,1
Čićak,1
jasamaudiofil,1
"festa,",1
ljubav,1
Sabor!,1
Omis,1
Kanižaj,1
pregovoriMosta,1
teatarapsurda,1
mesić,1
NemaIgranjaSDrzavomDico,4
2,1
rtldirekt?,1
DostaMosta,1
izbori2015mislavbago,1
"izbori2015,",294
napredak,1
trazimvizu,1
sažetak,1
uhljebi,1
planBe,1
kaoštojeired,1
analogija,1
croatia,40
izbori2015?,13
šarajmalobrate!),1
glasanje,3
kardinalbozanić,1
Ponos,1
komentar,10
cro,4
laburisti,1
minićaća,2
art,1
Sprdex,1
bozo,2
DUBROVNIK,1
startup,3
zaspalasam,1
sex,1
GORDANARUSAK,2
blagonama,1
metković,1
josiparimac,1
alanford,2
oksimoron,4
monetarna,1
N1izborna,1
HDZ-u,2
stranke,4
galerija,2
dosta,1
stateofsolidarity,7
SlavonskiBrod,11
HDZ-a,4
mandatarnovevlade,1
ljubavnitrokut,1
nope,1
najlazljivijesmece,1
bahatost,1
politikaONtherecord,1
korea,1
samokažem,34
Kina,1
debilisenatjecu,1
MislavBago,6
mojepjesmemojisnovi,1
"Kosor,",1
Turkeyelections,1
IpakSvePoStarom,1
poraz,1
deuschland,2
SDPhr,23
mostoljubna,1
10milijuna,1
bandic,3
HRA1,1
pdv,1
idsnaizborima,1
captionthis,2
funfacts,1
ZaNePovjerovati,1
novosrt,1
Njemačka,2
StillNoLove,4
parlamentarni,1
time4sd,5
kroejsija,1
poliglot,1
MiZnamoKako,52
božo,1
Оборище”,1
epicfail,15
banjaluka,1
akademiče,1
ludzbunjen,2
jasamnarcisnajveci,1
lovrinovic,5
ukurcustesviskupa,1
pr,1
Reforme,3
"KOS,",1
Studio4,2
samoobjektivnomolim,2
IFeelYouŠuki,2
satira,21
UDBA,1
Slovačka,1
crna,2
Most,103
umreziprvog,1
volimDzudoVolimSandru,1
osijek,1
statistikaHR,1
gremodesno,2
NDH,2
bljak,2
jabiram,1
HEP,4
glasačkilistići,1
coffetime,2
Rijeci,1
IzboriNovaTV,2
DnevnikNoveTV,148
SretanBožić,1
21stoljece,1
kitarovic,1
UredPredsjednice,1
glasovi,1
novinar,1
kroatien/,1
milanbandić,1
baddemocrats,1
koznazna,1
projektdomovina,5
JustinTrudeau,1
vlADARH,1
elections,6
necujanjetinuithompsona,1
Syriza,1
ZAMP,1
pravoslavniZločinci,3
fun,4
zagrebhr,1
fuj,2
Lustracija,4
anarhija,1
istosranjedrugopakiranje,1
sjednica,1
ŽeljkoReiner,4
petak,1
Tim,2
sekshr,1
rim,1
SorryNotSorry,1
javnidughrvatske,1
spaladiumarena,1
Maletić,1
saborrh,2
zaokružiteženu,1
funny,1
AHSAsylum,1
PromijeniSmjer,4
Alečković,1
CIVelections,1
ovceglasaju,1
kudaideovajsvijet,1
drvo,1
kirby,1
guska,1
diktaturaSRB,1
smarackimaraton,1
Vukovaru,1
aferaAgram,1
vesnapusic,2
obraćanje,1
Flego,1
CV-nema,1
obnova,1
trojanci,2
politikHR,1
savjetnici,1
SOSzaJadran,4
2u9,1
Zagorje,1
jebemjanjimasvimamater,1
indexhr,2
rusak,1
hdzkrade,1
kameleoni,1
ministarstvo,1
euro,1
"Vukovar,",1
i_mi_bi_razumjeli,1
dobrojutro,4
Rijeka,9
strucnimandatar,1
DINAMO,1
samobitno,1
dva_lica,2
MARTINJE,1
nemaspavanja,1
tuga,2
visezena,1
obrazovanje-nove,1
Remetinec?,1
radnike,1
Izbori2016,2
EXPLAININGPROSPERITY,1
TIHOMIRORESKOVIC,3
NekaSeINasPita,1
cudanikadadosta,1
BožeimaliTe,2
impetus,1
gnjida,1
bigbrother,1
vratisemrle,1
oligarhija,1
puhovski,1
вибори2015,1
politikaplus,3
BrankoHrg,1
izbornakampanja,1
ponedjeljakjebanje,1
glasača,1
lavidaloca,3
Pametno,5
UstavniUd,1
weekend2015,1
Diaspora,2
Parlamentswahlen2015,1
napreDNO,1
politikaht,1
ErminaLekajPrljaskaj,1
ArenaPoliklinika,1
megalajk,1
MOST=SDP,1
uspjesnahrvatska,2
laži,3
izbori15,43
odgovornost,3
nemapovratkanastaro,2
letargija,1
aleksandaravucic,1
pregovori,281
dnevnik,6
"migrantskakriza,",1
istina0Metkoviću,1
čistogobraza,1
SDP-ov,1
kuglanje,1
sheraton,1
pobjeda,1
yolo,1
NoStress,1
reformskavlada,1
Nacija,1
Mourinho,1
parlamentarni_izbori,1
Prnjavor,1
samorazmisljam,1
ćaokakao,1
nekatije,1
analiza,4
zaštita,1
Kumrovec,1
politikabih,1
izborihrvatska,2
NWO,3
trotters,1
frustracii,1
diktatura,35
HRSabor,7
šibenik,2
kava?,1
DoingBusiness,1
recitopjesmom,1
djesbiodevsprve,1
2/3,1
Russia,1
Bog,1
cetvrtaknejebanje,1
reforme!,2
ŽeljkaMarkić,7
louisvuitton,1
Bozo,2
ids,3
drama,1
varazdin,1
kanadskaVeza,1
Glavas,1
Außerparlamentarische,2
dubrovnik,2
drugasmjena,1
ZenskaKvota,1
udrugeblokiranih,1
msu,1
novizakon,1
HDZ/,1
"HDZ,",4
jadibijeda,1
JoinUs,1
Secim2015,2
IzboriPRH,1
NovaTV,7
HDZ!,1
glagoljica,1
FPZG-,1
MinimalnaPlaća,1
ovisnost,1
"Milanovica,",1
iznenađeni,1
pilitika,1
jerhrvatska,1
NovaTV?,1
nacelnikopcine,1
Hrvatska,273
stecaj,1
ZnaLiItko,1
Živinice,1
nogometneikone,1
JUREMARTINOVIC,1
NovaTv,1
Vrag,1
"IzboriHR,",1
izboriHR2015,1
spas,1
VERN,1
torcida,1
historyrepeatingitself,3
imamosituaciju,1
šatoraši,2
Reindustrijalizacija,1
Inkvizicija,1
JavnaUprava?,1
dostamijesvega,1
immigration,1
skener112?,1
danepovjeruješ,1
refugeeswelcome,13
embarassed,1
Stepinac,1
"skener112,",1
štomanjeznamtobolje,1
info,1
DIP-a,2
ĆaćaSeVrača,1
VLADAH,1
pravosuđe,2
"BiH,",1
Twitter,1
notsurprised,1
pitanjeDana,1
"HDSSB,",1
Banac,2
uf,2
blefnablef,1
fototjedna,2
šator2015,1
necemovasvisebirati,1
lakunoc,1
turizam,1
СРС,1
IZBORIHR,3
vldadarh,1
bračnaponuda,1
zabreb,1
CroatianTragedies,9
donacije,1
EuropskaUnija,1
NewYearsResolutionIn5Words,1
CrniMarko,1
promjenesdp,1
sindikat,1
volimmeso,1
ironija?,1
FunnyNotFunny,3
Kragujevac,1
fizika,1
overandout,1
hrvatskla,3
IvoJosipovic,2
"VladaHR,",5
tito,1
peace,4
sirotinja,1
azimut,1
srednjahr,1
Varaždin,1
N1INFO,1
DUDDI,1
pivskasrijeda,1
nemoženamnikoništa,1
AA,20
IzboriHr,23
tudjman,1
jezivo,1
izboriprs?,1
mozdaSljedeciPut,1
karavaneprolaze,1
drzavatosamja,1
SPLIT,2
Grčić,2
opatovac,1
WomanPresident,2
IzboriHR,258
voting,1
HDZ001,3
reiner,7
riganje,1
poolitikahr,2
failsamotakav,1
karma,1
Makedonija,1
KGK,25
arbitraža,1
građanke,1
zalazaksunca,1
Warsaw,1
HouseofCards,4
istarskidemokrati,2
igraasocijacija,2
balvani,1
nikadpameti,1
čarobnjaci,1
tojazovemanaliza,1
stres,1
Progress,1
electionday,1
mercep,1
teamtim,1
Hrvatska?,1
izlaznost,1
BiH,13
bigbrotherHR,1
aplauz,1
COP21,10
Jakovina,1
vladaRH,6
АБВ,1
spremni,8
samohrabro,1
korizma,1
ingliš,4
RTLanketu,1
RockefellerCenter,1
sindicic,2
hrvatskaRaste,1
novinarstvo,19
industrijskaproizvodnja,1
Hanukkah,2
diplomacija,1
skolicademokracije,2
ženeupolitici,1
ankara,3
Odziv,1
"Drilling,",1
kovacic,1
PredstaviSe,3
GdjeSam2015,6
povraćamise,1
ZAGREBACKABANKA,2
stier,1
DIP-u,1
disupare,2
Pametno2015,33
autoceste,2
gdjesibio,1
IgreGladi,1
petplus,4
kajgod,1
novost,30
mobing,1
Milanović,66
izbornašutnja,1
pripreme,1
pizdarije,1
car,1
evp,2
KoalicijaHR,1
NoBigDeal,1
eklogesND,1
publicpolicy,1
CroatiaVotes,28
poklon,1
inkubator,1
obitelj,2
EUfondovi,1
Croatia?,1
Diktatura,1
Croatia!,1
faitaccompli,4
natalitet,2
video,1
mukomoja,1
"Croatia,",5
begunci,3
politikahumor,6
izbori2015-16,1
playingdirty,1
Bogdanovci,1
josipvidovic,1
vpusic,1
polet,3
bdp,1
ankete,1
HNSPgž,1
jesugotoviviše,1
izbori2015U,1
nakrajubalade,1
Skoko,1
RomaLeonidas,2
iondajesvizac,1
Marty,2
"UDBa,",1
svatkoimasvojerazloge,2
"izboriRH,",4
DejanJović,1
uzmibabiosobnu,1
lel,3
ridesharing,1
listablokirani,1
Jutarnjilist,1
Sačić,1
novinarskirucak,1
cigla,1
izborprh,1
koalicijahr,1
Croatian,4
božić,1
biodiversity,1
hellyeah,1
NijeReklama,1
kralj,1
javnidug,2
skijanje,2
tviteraši,1
božič,1
KARDINALBOZANIC,1
popcorn,2
Metković,3
gdjemijeizbornileksikon,1
Kurir,1
Neshvatljivo,1
baldasar,4
podrzavam,1
win,4
Tito,2
SMS,1
predizbornašutnja,1
ndh2,1
ajdene,1
FB,1
jasambernays,1
oildrilling,1
sdprh,1
sitnobroje,1
Franak,2
pressica,3
exciting,1
MDO,3
Kandidati,1
VLAdarh,1
djedmraz,1
ReformaJavneUprave,1
gitak,1
Raskovic,2
EFATV,1
deuchland,1
TeamPršut,1
indikativno,1
NATO,1
ekonomija,14
milletvekili,2
naDriniCuprija,1
mutavac,1
hac,3
AnotherEurope,4
izbori2020,1
kradeze,1
optimisticniAgent,1
ruusakgate,1
vecernji,4
strankerh,1
BackToThePast,1
krokanat,1
repriza,1
Aronija,1
izboriRH?,2
BORUTPAHOR,1
Esplanada,1
mosturibiranje,1
Josipović-a,1
prvasmena,2
Video,1
idemousabor,1
pravastvar,2
šok,1
dijeprogram,1
hrvatskisabor,3
LokalnaSamouprava,3
mojgrad,1
hungaryshame,1
ljubas,1
predizbornitvitapskup,1
Puhovski,2
cantbelieveit,1
Roma-,1
otvorenohr,2
nepotizam,1
opengov,1
JavnaUprava,6
metricom,1
hrsabor,4
protiv,2
radikali,1
jebeludzbunjenog,1
ovonisuistine,1
ugodnočavrljanjesaZoranom,1
democracy,1
lame,1
Dujmović,1
bašzato,2
27S2015,2
MurtaiKurta,1
kondomi,1
odgovornosti,1
RužicaVukovac,1
jesen,1
crobarometar,1
Kroaten,2
nećeeenikadaaaa,1
smećeMilanović,1
sloboda,5
osjećamsehaj,1
teambivši,1
finalresults,1
KarolinaVidovićKrišto,3
poezija,1
TomislavKaramarko,4
demografskioporavak,1
zasjeda,1
MigrantsDay,3
nebudituzibaba,1
"Holy,",1
-evi,1
Uber,2
"vjeronauk,",1
MUDU,1
prijetnje,2
zaokružiženu,1
toplavoda,1
jugoslavija,1
nisibitan,1
Seselj,1
MUDO,8
postavljena,1
"Kardashians,",1
prvasmjena!,1
predsjednicastudentica,1
Crnić,1
nepomozivo,2
StopUbijanjuCincila,9
seoskipoker,1
BOZICNICE,1
zajebavanjenacije,1
tomislavkaramarko,8
afrika,1
reformazdravstva,1
dijagnoza,1
skene112,1
kekin,1
tkozakogatvita,1
GradRijeka,1
climatechange,1
pivaczna,14
koruptivnisude,1
ds,1
Director,1
myoung,1
komunisti,1
bracnakultura,1
hrvatskidrzavnisabor,1
NatalijaKanački,1
MilanBandic,1
samosekularno,2
nogomet,3
samotvrdo,4
zagreb,36
velikakoalicija,2
nada,2
SDP-A,1
hrvatska?,1
RefugeesWelcome,1
justsayinyo,1
TweetUp,1
prognoza,1
ultra2016,1
samoglasno!,2
praviput,2
imasemežese,1
SDP-a,1
poltikahr,2
moda,1
TomislavPaleka,1
ZORANMILANOVIC,1
Slavonija,5
economy,2
FirstDayOfWinter,1
jadtugaizalost,1
Christmascameearly,1
Lalovac,5
Borges,1
priče,1
illuminati,1
optuznica,1
Twittertragedies,1
IvanHrvatska,2
dixit,1
evonemogu,1
aljazeerabalkans,1
majorizacija,1
fito,1
Borgen,3
blastfromthepast,2
marinesanctuary,1
DomoljubnaKoalicija!,1
obrazovanjeufokusu,1
TimOreskovich,1
"Pula,",1
rakete,1
Jambo,2
Uimeobitelji,10
Zagrad,1
licemjeri,1
nosnow,1
plačinešto,1
Josipović,8
božićjenatwitteru,1
nedamise,2
zastupnici,3
glupigluplji,1
izbor15,1
koalicijaNekoalicija,1
sabor!,1
"Izbori2015,",2
"sabor,",2
agrokor,2
polave,1
debata,4
Izbori2015?,1
optimizam,2
taksi,1
sabor?,1
mosta,1
uzas,2
Omiš,1
izenesuljudi,2
noComment,1
jovanović,1
kolindagk,7
bogmesacuvao,1
croatiantragedy,3
politukahr,1
aljazeeraBalkans,1
politickaposvudusa,4
"budipametan,",1
HGK,1
MUP,8
izboriHRT,10
pravouhrvata,1
prodavanjemagle,1
probijanjemedijskeblokade,1
protivgrađana,1
"vakuumvz,",1
dalijaoresovic,1
rodoljubnazanovjetanja,1
Cipek,1
zagereb,3
Biskup,1
govormrznje,2
jesen2015,1
ovjera,1
gmo,1
brojevi,1
panika,2
milanbandic,9
casasevraca,1
slovakia,1
Jadrana!,1
nofossilfuels,2
vlastJeSlast,1
malestvariveselecovjeka,1
vladastručnjaka,8
becauseits2016,1
polotikahr,4
NU2,8
Hdz,1
seremiseHR,1
granice,1
Cirkus,1
RHsabor,1
plan21,1
crno,1
hrvacki,1
liste,1
MOSTNL,4
UŽIVO,3
turska,1
carpfishing,1
ŽeljkoPervan,1
Mostar-ju,2
OMG,1
jebesminarod,1
ljudskastranaizbora,1
nemogupopratit,1
pravosudje,1
KO,1
izboriHR?,11
zivimoHrvatsku,1
izboriHR!,4
izboriHR',2
proricanjebudućnosti,1
Jurič,2
demanti,1
kontramrakukontrasili,1
"izboriHR,",368
politikajr,1
showbiz,1
izboriphr,25
poljska2016,3
NinoRaspudić,1
fail,17
hus,1
intervju,1
ulazisukratkenoge,1
mitomanija,1
Đelo,1
BIH,1
novagodina,1
jadnanammajka,1
hrvatsketragedije,2
Kosovo's,1
mir,1
suživot,1
Radin,1
opozicija,1
"LokalnaSamouprava,",1
HrvatskiDržavniSabor,1
uzivo,8
demokracija,18
metafore,1
Njonjarrah,1
zadro,1
petrov,39
kriminal,4
vicdana,1
PGŽ,3
Čačić,1
Uživo,2
ChurchInTheseStreets,1
backtofuture,1
Frljić,1
ivakvakic?,1
избори,1
mustwatch,1
Actions,1
guzvaukvartu,1
ligaljiga,1
cirkus,4
sirotinjoibogusiteška,1
"Đuro,",1
djeca,1
IzborneLudosti,1
Croatia,166
pipi,1
FakeNews,1
jadranka_kosor,1
državniudar,1
Premijer,1
+digitalizacija,1
uhljeb,3
WWKGKD?,1
ATTACKS,1
komunizam,7
tihomiroreskovic,14
imamopremijera,1
izboriNovaTV,85
jebemise,1
politika2015,1
gospodarskipojas,1
popcorntime,1
SinišaLabrović,1
izboribih,1
prioriteti,2
Gotovina,6
IzlazneAnkete,1
izboriNovaTv,2
mosturbiranje,205
Moj,1
jal,1
nedajboze,1
mosturbiranja,2
kbc,1
VIDEO,2
jad,2
election2015,1
"IPSOSPULS,",1
koalcija,1
politikaRH,5
zetich,1
čitajpoeziju,1
BožiniPacijenti,1
Konzervativci,1
ZoranMilanović,6
jutarnji,1
LadoMasturbado,2
IZBORI],1
predsjednicaHR,2
tbf,1
izborIHR,1
Karamko,1
ljevica,1
donaltusk,1
grah,1
hrtdnevnik,1
"DnevnikNoveTV,",1
zivizid,7
prevrtljivost,1
MaminjoStyle,1
FIFA,1
StarWars,3
"IDS,",1
sanader,4
Idemo,1
NoAdriaticDrilling!,2
MilijanBrkić,2
vrijemeje,1
irinej,1
neznanje,1
ShareCroatia,1
NN1info,1
brojbozepetrovanajtrazeniji,1
svizajednoga,1
vodauusima,1
Kregar,1
CRO,4
gotovac,3
PR,4
SoundOfDaPolice,1
epic,1
BNTIzbori,1
USKOK,3
nightmare,1
izbornasutnja,5
Grbin,2
tojepraviput,2
MarioKnezović,2
AlJazeeraBalkans,10
vladaRHizbori2015,1
refugeecrisis,5
IvaKvakic,1
uzborihr,1
MiroMatijevićUhićen,1
RealityShow,1
KolindaGrabarKitarović,3
amen,1
facepalm,3
ratbolanrat,1
upravahr,1
placem,1
bankehr,1
EFA,1
PrviLi,1
vrh,3
bozepetrov,4
tragedijo,1
decentralizacija,14
ironija,18
hrvatskaječudo,1
pitamzadruga,1
šimunić,1
RND,1
FIFAWCS2016,1
tvojelicemizvucipoznazo,1
zeka,1
simbolika,1
novilist,1
gusle,1
180stranaodgovora,4
Božić,3
optimistGodine,1
dijalog?,1
AngelaMerkel,2
NovoGovor,1
studenttragedies,3
respect,29
expertniTIM,1
Pantovčak,1
Sisk,1
LaLaLand,1
ISTINA,1
hzslogan,1
drugidomovinskirat,1
ĆaćaSeVraća,1
VotingDead,1
"hdzsdp,",1
fuckdirtypolitics,1
štajeovo,1
WTF,1
izbor,1
posao,2
bogojavljanjehumor,1
izbori2015kolindalijepaNasaHrvatska,1
2015,3
sabor2015,2
obecanja,1
ŠandorJuhas,1
Šešelj,12
bedak,1
hipokrizija,1
Fact,1
izbornanoc,3
obitelji,1
sharecroatia,1
cinizam,1
skupeigre,1
kava,1
refugeesGr,2
IpsosPuls,1
Halloween,1
ljetonamsevratilo,1
plakanje,1
potres,1
izbornisustavu,1
Letica,2
Sindikati,1
IzvanredneVijesti,1
bornarajic,1
HRAST,1
garavi,1
noadriaticdrilling,1
Oreskovic,11
HDZ011,1
protestiCG,1
Wow,1
CFPVote,2
omiš,1
BozoReforma,14
predizbornaobecanja,1
amnezija?,1
kakavglupan,1
Alfier,1
stradun,1
brojanje,1
seljakluk,1
Lele,1
LažljiviVelikosrbi,2
SOR,1
bukovina,1
party,2
android,1
"drinkinggame,",1
stipepetrina,1
dragopilsel,1
SamoKazem,10
RTLanketa?,1
nijeSveTakoCrno,1
PolitikaJeČasnaDjelatnost,1
coffe,1
25godinapreviše,1
Izboriprh,49
promatraci,1
RTLanketa!,3
ikea,1
Branitelji,2
jerhrvati,1
HrvatskaRaste,251
volimprsut,1
off,1
ANTUNVUJCIC,1
PROTIV!,1
NikitaHruščov,1
politkaHr,1
samoistina,2
instagood,1
antiplakat,1
AndrijaJarak,8
ljubocesic,1
StoKazeRanko,2
kroatistan,2
GlasZaMOST!,1
"EU,idete",1
istraga,1
openbordersforall,7
kolumne,2
Hrvatskadanas,1
dragilastane,1
tcn,2
majkomila,1
istastvar,1
kokice,10
noviput,4
situacija,11
književni,1
saborRH,1
Hrvatsku,1
vrijeme,2
pelinkovca,1
preferencijalno,2
kauboji,1
teamMilanović,1
nacional,1
ISUS,3
ZAjakuHrvatsku,1
missprincipijelnosti,3
josipleķo,1
ljubljana,1
maletić,1
onokad,53
RTL?,1
martinje,1
mućke,10
"Rijeka,campaigning",1
ankamraktaritas,1
Dafinka,1
sumnja,1
MOSTurbirati,1
piplmasttrastas,1
hrvatska365,1
Glavak,1
idejezazokijevunovukarijeru,1
"infographic,",1
rituali,1
psihijatrija,2
hoćemodelegatskoglasovanjeizustava1974,1
WomenInPolitics,1
TitanicHRT,1
živizid?,1
"izboriHR,evo",1
stanjeopćegšoka,1
samostruka,2
sarajevo,1
"reforme,",1
KaraBozo,1
refugees,9
Markic,1
samokodnas,1
HNES,1
ZaHrvatskuBezKrzna,14
advent,1
twitter,1
Crkva,1
izjavagodine,1
pitajkandidate,8
growth,1
"MOST,",1
biskup,1
Mađarska,1
moskva,4
ArsenBauk,1
pakao,1
PREDIVNO,1
buenosaires,1
Glasači,1
Hrvatska!,2
samopitam,99
Bulj,1
Planinić,2
dostajebilo,1
sdsp,1
rezanje,1
sdss,3
ВикторЗаСофия,1
teslaww,1
jebiga,1
belaj,2
Apsurdistan,2
državakaoplijen,1
pratiizboresbakom,1
inmemoriam,1
IvanaMaletić,1
esej!,1
seljacinazapremijera,1
mito,3
hrvati,2
upozorenje,1
kreda,1
BDP,5
sto_vira_za_100_lira,1
FPZG,4
CONGRATS,1
demokratija,2
HDZSDP,1
HrvatskaR,1
Reforma,1
nocnemore,1
dostojno,1
hdz-u!,1
ispispoziva,1
SLAVENLETICA,2
noviHrMandatar,1
UN,1
bijelidim,2
UK,1
Ralje3,2
Japan,3
mudo,4
samorecine,1
kapital,1
sukob,1
dragan,1
neksezna,1
IDS,6
sučeljavanjeHR,1
weather,1
ZaboljuHrvatsku,1
mrak,1
trowback,1
crnihumor,9
"Karmarko,",1
bitceveselo,1
DostaMiJeMojihProblema,1
Đakovo,1
pantovcak,1
kružnitok,1
ipsospuls,1
igranka,1
гласувай,1
TripartitnaVladaBezTreceg,1
Nemrem,1
opetrokovi,1
California,1
birače,1
apsurdistan,4
OnoKad,1
hr,4
zgpamm,2
Zlo,4
siromastvo,2
aleksandarvucic,1
Croatie,11
moudo,1
zajedništvo,2
kombinacije,1
feedly,1
NLM_VRGORAC,1
miskovic,1
VLADARRH,1
BagoPower,1
upss,1
tragedija,2
tema,1
mirovinskifond,2
problem,1
Josipovic,11
čekam,1
"most,",1
CIK,3
missionaccomplished,1
neoniparlamentarni,1
twist,1
samoagencijski,1
poredjene,1
adiopameti,1
majketi,1
Kerum,1
tvzphr,1
most!,1
tuđman,1
MrežaTV,1
zica,1
Cambodiazemljadaleka,1
NoćOdluke,1
pičke,1
investitori,1
DnevnikNoveTV!,2
stav,1
Lika,1
Mesija,1
Katei,2
osobna,2
Sarajevo,2
Timsteam,6
MOST,185
soapoperaHR,1
WhoWantsToBePrimeMinister,1
tisućueurapobebi,1
AlexBraun,3
hnb,4
iviše,1
RUZICAVUKOVAC,1
NixonKissinger,1
poljoprivreda,4
hns,11
bijela,1
Kuku,1
cicak,1
BožoPetrov,18
jedanvisemanje,1
teskarec,1
mzos,3
